|10||100||11||12||14||15||16||172||20||21||24||25||26||30||321||36||426||50||72||Ababael||abandoned||Abandoned||Abbey||abbey||abduction||Abide||abilities||ability||able||able-bodied||aboard||abode||abomination||abridgements||absences||abstract||abused||accept||Accept||acceptable||acceptance||accepted||accepts||access||accessible||accomplished||According||according||account||accounts||accumulated||accuracy||accurate||achieve||achieved||Ack||acknowledge||acknowledges||acquiesced||acquired||acquisition||Acquisitions||Acrobacy||acrobacy||Acrobat||acrobat||acrobatic||acrobats||across||act||Act||acted||acting||action||actions||Actions||acts||actual||Actually||actually||adapt||adapted||add||addition||additional||address||administration||administrative||Admiral||admiral||admire||admirer||admirers||admit||admittance||admitted||adopted||adoption||Adoption||advance||advanced||advancement||advances||adventure||adventurer||adventurer's||adventurers||Adventurers||adversary||advice||advocate||AE||Aedra||aedra||afar||affairs||Affairs||affect||affecting||affinitive||afflicted||afflictions||afford||affordable||afore||afore-mentioned||aft||aft-side||afternoon||Afternoon||afterward||afterwards||age||agent||agents||ages||aggressive||agile||agility||ago||agony||agrarian||agree||agreed||agricultural||agriculture||Ah||ahemmusa||Ahemmusa||aid||aim||air||airen||Airen||airships||Akatosh||akatosh||alarm||Alas||alas||alchemist||Alchemists||alchemists||Alchemy||alchemy||alcoholic||Ald||ald||ald'ruh||Ald'Ruh||Ald'ruhn||Ald'Ruhn||ald'ruhn||Ald'ruhn-Under||Ald'ruhn-Under-Skar||Ald'ruhn-under-Skar||alembic||Alembic||alert||alerted||Alessian||alessian||aligned||alik'r||Alik'r||alive||alleviated||alliance||allies||allow||allowed||allowing||allows||Almalexia||almalexia||almalexial||Almalexial||Almoners||almoners||almost||alms||Almsivi||ALMSIVI||almsivi||ALMSIVI's||Aloe||alof||Alof||Alof's||alone||along||already||also||Also||altar||altars||Alteration||Altmer||altmer||always||Always||amateur||Amateurs||amaya||Amaya||amazing||Ambition||ambition||ambitions||ambitious||ambush||among||Among||amount||Amur||amur||amusements||analyze||Anarion||ancestor||Ancestor||ancestor's||ancestors||Ancestors||ancestory||Ancestory||Ancestral||ancestral||ancienct||Ancienct||ancient||Ancient||andarys||Andarys||andrano's||Andrano's||andus||Andus||anew||angaredhel||Angaredhel||anger||angrily||animal||Animals||animals||animated||anon||Anonymous||anonymous||Anonynous||another||another's||answered||answering||anther||anticipate||anticipated||anticipating||Anticipation||Anticipations||antipathy||anudnabia||Anudnabia||anyone||anything||anywhere||apart||apartments||Apographa||apothecaries||apotheosis||apparently||appeal||appear||appearance||appearances||appeared||appearing||appears||applaud||Applications||apply||appointed||appreciate||appreciation||approach||approached||approval||approving||aquatic||aralor||Aralor||Aralor's||Arara||arara||arbitrary||arcane||arch||Arch||Arch-Mage||Archcanon||archcanon||Archcanon's||arched||Archer||Arches||architectural||Architecture||architecture||archives||Archmagister||archmagister||Archmaster||area||Area||areas||Aren't||aren't||Arena||arena||arenas||arethi||Arethi||Argonia||argonian||Argonian||argonians||Argonians||argument||arid||aright||aristocratic||Arkay||arkay||Arkay's||arm||armies||Armiger||armiger||armigers||Armigers||Armistice||armor||Armor||armored||armorer||Armorer||armors||arms||arnie||Arnie||Arobar||arobar||around||arrangement||arrhythmic||arrived||arrogance||arrogant||arrow||Arrow||arrowroot||Arrowroot||Art||arthritis||Articles||artifact||artist||artistic||arts||Arts||Aruhn||aruhn||arvel||Arvel||Arvs||arvs||Arvs-Drelen||aryni||Aryni||Aryon||aryon||Ascadian||ascadian||ash||Ash||ash-blight||ashalmawia||Ashalmawia||ashes||ashinabi||Ashinabi||Ashkhan||Ashland||ashland||Ashlander||ashlander||Ashlanderlegend||Ashlanders||ashlanders||ashlands||Ashlands||ashore||ashpits||aside||ask||asked||asking||asks||asleep||aspect||aspects||aspersions||aspires||ass||assarnibibi||Assarnibibi||assassination||assemble||assent||assignment||assignments||assimilated||assist||associated||assume||assumed||assuming||assured||assurnabitashpi||Assurnabitashpi||astonish||astound||astride||ate||athletics||athyn||Athyn||atmosphere||atone||atronachs||ATTACHMENT||attack||attacker||attacks||attain||attained||attempt||attempts||attention||attributes||Aundae||aundae||Aunius||authorities||authority||Authority||automatically||Autrus||availability||available||avoid||avoided||awakened||awakening||award||aware||away||AWD||awoke||axes||Ayem||AYEM||Azura||azura||Azura's||azura's||B'vek||Baar||back||backwards||backwoods||bad||badlands||bael||Bael||Bake||baked||Bal||bal||bal's||Bal's||balance||balanced||ball||Balladeer's||Balmora||balmora||balmora's||Balmora's||bandits||banished||bank||banked||banks||banner||Baranat||baranat||Baranat's||barelo||Barelo||bargain||bargaining||Bargaining||Barons||barren||barrier||based||bases||basic||basin||basis||bath||batter||battered||battle||Battle||battlefields||battlemage||battlemage's||Battlemages||battlemages||battles||Battlespire||battlespire||battling||bauble||bay||Bay||beacon||Beans||bearer||bearing||bears||beast||beastman||beastmen||beasts||Beasts||Beat||beats||beautiful||beauty||became||become||Become||becoming||bed||bedroom||Bedrooms||bedrooms||beds||beetles||Befriend||beg||began||beginning||begins||begun||behalf||behind||behold||beings||belas||Belas||beliefs||believe||believed||believes||belong||beloved||bend||Beneath||beneath||Benediction||beneficial||benefits||benevolent||benign||benison||Benitah||benitah||berandas||Berandas||berate||Berne||berne||bero||Bero||berry||berwen||Berwen||beshara||Beshara||beside||best||betoken||Betony||betrayal||betrayed||better||Better||beverage||beverages||bewilderment||beyond||Beyond||biers||big||Big||bind||binding||bindings||birds||birth||birthplace||bit||bite||Bitter||bitter||bitter-tasting||bittergreen||Bittergreen||Black||black||blackmail||blade||bladed||blades||blame||Blasphemous||blasphemy||bleeds||blend||Blessed||blessed||blessing||Blessing||blessings||blight||Blight||blighted||blinded||blinding||blindly||bloatroot||block||blocked||blocker||blocking||blocks||blood||Blood||blood-drinking||blood-seeking||blood-soaked||Blooded||bloodfree||bloodline||bloodlines||bloodshed||bloody||Bloody||Bloom||blossoms||blow||Blow||blows||Blue||blue||blunt||board||boasting||boat||Boat||boats||bodied||bodies||body||body's||Boethiah||boethiah||Boethiah's||Boiled||boiled||boiling||BOK||bold||Bold||boldrisa||Boldrisa||bolt||bolvyn||Bolvyn||bond||bonded||bone||bonelord||Bonelord||bonelords||Bonelords||Boneman's||bonemeal||Bonemeal||Bonemen||bones||Bones||bonewalker||Bonewalker||bonewalker's||bonewalkers||Bonewalkers||Book||book||Books||books||Bookseller||bookseller||boost||bordering||born||bosmer||Bosmer||Bosmeri||Boss||bother||bottom||bought||boulder||bound||bounded||bounties||bounty||bow||bowed||bowells||bowels||bowl||boy||branch||branches||Branora||branora||brara||Brara||brave||bravery||bread||Break||break||breath||Breath||breathed||breathing||Breathing||Bretonnia||bretons||Bretons||bridge||bridges||brigands||bright||bring||bringing||brings||broken||Brooding||brother||brother-sister||brothers||brought||Brown||brown||BSQ||Buckmoth||buckmoth||bug||build||building||buildings||built||bulges||bulk||bullies||bully||bunch||Buoyant||buoyant||burden||burdens||burdensome||bureaucracy||bureaucratic||Burial||burial||buried||burlap||burn||burned||burning||burrow||Burrow||burst||burying||business||busy||butchers||buy||buyer||Buying||buying||cachous||Caecilly||caecilly||cages||cairn||Caldera||caldera||Calissah||Calissiah||calissiah||call||called||calling||Callonus||callonus||calm||calmly||came||Camonna||camonna||camp||camps||can't||Canal||canal||Canal's||canals||candidate||candidate's||candidates||Candidates||cannibalism||cannot||Cantatas||Canton||canton||cantons||Cantons||capable||Capn's||caps||captain||Captain||carapace||caravan||Caravans||carcass||card||care||career||careful||carefully||careless||carelessness||cares||caring||carriage||carries||carry||carrying||case||cases||cast||casting||castle||Castle||castles||casts||casual||Casual||catch||catching||catgut||cats||cattle||caught||causing||cautious||cave||Cave||cavern||caverns||ceaseless||celebrating||celebration||celestial||cells||Cells||cemetery||Census||center||centered||centers||central||Central||centuries||certain||certainly||chain||Chained||chair||challenge||challenged||challenges||challenging||chamber||Chamber||Chambers||chambers||chance||chanced||chances||change||changing||Chapel||Chapels||chapter||Chapters||character||charge||charges||charismatic||Charity||Charter||charter||chartered||cheap||cheaply||cheating||cheese||cherished||chests||Chief||child||children||children's||chilled||Chimer||chimer||Chimere||chimere||Chimere's||Chimeri||chin||chits||chivalrous||choice||chokeweed||chopped||chose||chosen||chronicles||circuitous||citadel||Citations||cities||citizen's||citizens||Citizens||citizenship||City||city||city's||citywatch||Civility||civilized||claimed||claims||clamped||clan||Clan||clankin||clans||classes||classic||classifications||clean||cleanse||Clear||clear||clears||clerk||clever||cleverest||clients||cliff||climate||climbing||Clockwork||close||Close||closed||cloth||clothes||clothier||cloud||clouds||Club||club||co||co-rulers||coast||Coast||Coastguard||coastline||coasts||cobblers||Cobblers||coda||Code||codes||Codes||Codus||codus||coin||coins||cold||collect||collected||collection||Collectively||collectively||colleges||colonists||colonization||colony||colors||colossal||Colovia||colovia||combat||comberry||combinations||combine||Combine||combova||Combova||come||Come||comes||comfort||Comfort||comfortable||comforted||comic||coming||command||commandant||commander||Commands||commands||commencing||comment||comments||Commission||commission||Commodities||common||Common||commoners||commonly||communal||communication||communities||community||companion||Companion||companions||company||Company||compare||compared||compartments||Compassion||compassionate||competing||competition||competitors||complaining||complement||complete||completed||completely||complex||complicated||compliments||components||composed||Compound||compound||compounds||compressed||comprise||comprised||comprising||concealing||conceive||conceptions||concepts||concerning||concerns||condemned||Condense||condition||conditions||condone||conduct||cone||confer||conference||conferred||confess||confidence||confident||confine||confined||confirmed||conflict||conflicting||confound||confront||confrontation||confronted||confusing||Congeries||congregate||Conician||conician||Conjuration||connect||connects||conquers||consecrated||consensus||consent||consequences||conservative||consider||Consider||considerably||considered||Considering||consistent||consolation||Consolations||conspiracy||conspired||constant||constraint||construct||Construct||consuming||contain||contained||contemplate||contemptible||Contentious||contents||continual||continued||continuing||contract||contracted||contracting||contracts||contradicted||contradictions||contradictory||contrast||contribute||control||controls||convenient||conversation||convincingly||Cook||cooked||Cooking||coolly||coordination||copy||coral||cordial||coribael||Coribael||coribaell||Coribaell||corkbulb||Corkbulb||corner||Cornerclub||cornerclub||cornerclubs||Corners||corners||corporation||corprus||Corprusarium||corpse||Corpse||corpses||correct||correspondence||corrupt||corrupted||corruption||cost||could||couldn't||Council||council||Councilor||councilor||Councilor's||Councilors||councilors||Councils||councils||counsel||counselors||Count||count||counted||countenance||counter||counter-current||counting||country||countrymen||Counts||couple||courage||course||court||COURTESY||Courtesy||courtesy||courtship||courtyard||courtyards||cover||covered||covert||coves||cowardly||crab||Crab||crabmeat||Crabmeat||crabs||crack||cradles||craft||crafts||craftsfolk||craftsmen||Crassius||crassius||crate||crater||crates||creaking||creaks||create||Created||created||creating||creativity||creature||creatures||creep||cremation||crept||crew||cried||crime||crimes||criminal||criminals||crippled||crop||crops||cross||crossbow||crosses||crucial||crucible||crude||Cruel||cruel||crusaders||crushed||crust||cry||crystal||crystalline||cuffs||Cult||cult||cultist's||cultists||cultivate||cults||Cults||cultural||culture||cultures||cunning||Cup||curable||cure||Cure||cured||cures||Curio||curio||curiousity||curly||current||currently||currents||curse||cursed||curses||curtail||curves||Cuseius||cuseius||custom||customary||customs||cut||cut-rate||cutters||cuttle||Cycle||cyrodiil||Cyrodiil||Cyrodiils||d'you||Dadisun||Daedra||daedra||daedra's||Daedra's||daedrai||Daedric||Daedroth||daeus||Daeus||dagger||Daggerfall||daggers||Dagon||dagon||Dagon's||Dagonn||Dagoth||dagoth||Dagoth-Ur||daily||dalyne||Dalyne||damage||damaged||damped||danced||danger||dangerous||dare||dared||DARING||Daring||daring||darius||Darius||dark||Dark||darker||Darkness||darkness||daroder||Daroder||Darothil||darothil||dart||Darvel||darvel||dashed||date||dating||Dau||daughter||dawn||Dawn||day||Day||days||Days||dazzle||dead||Dead||deadly||deaf||deal||dealing||dealt||dear||dearth||Death||death||debated||debt||decades||decay||decayed||decaying||decent||decided||decorated||decoration||dedicate||dedicated||dedication||deep||deeply||default||defeat||defeated||defend||Defender||defense||defensive||defiance||defiant||define||defined||definitive||degrees||deities||delegation||deliberate||deliberately||delicate||delightful||deliver||delivered||delivering||delivery||Delving||Delyn||delyn||Delyn's||demand||demanding||demiprince||Demiprince||demon||demons||demonstrate||demonstrated||demonstration||denial||densely||depend||Depends||depends||deposits||depraved||depravity||depths||deputations||deranged||derive||derived||describe||described||desert||Desert||deserts||deserve||desiccated||designations||designed||desire||desires||desolate||despair||despairing||desperate||despite||Despite||destroy||destroyed||Destruction||detail||details||detection||determined||deterrent||detested||developed||devices||devotees||devotion||devotions||devout||diamonds||Dibella||dibella||didn't||die||died||differ||differences||different||difficult||difficulties||difficulty||diminish||diminishing||Dimly||dinner||diplomatic||direct||direction||directions||directly||Direnni||direnni||dirty||Dirty||disapprobation||disapprove||disapproves||discipline||disciplined||disconcerting||discontented||discount||discourage||discouraged||discover||discovered||discrete||discretion||discussed||discussion||disease||Disease||disease-laden||diseases||dish||dishonor||dismembered||dismissive||Disorder||disorders||dispatching||displaying||disposing||dispute||disputes||dissent||dissident||Dissident||Dissidents||dissolute||distance||distances||distant||distinctive||distinguish||distinguished||distorted||distracted||distraction||District||district||district's||Districts||districts||disturbances||divayth||Divayth||diverse||divide||divided||divine||Divine||Divines||divinity||dock||docked||docks||doctrine||doctrines||doesn't||dogs||dome||domed||domica||Domica||dominant||dominate||dominated||don't||Don't||donating||donation||donations||done||door||Dorach||Dorisa||dorisa||dormant||dotted||doubt||Doubtful||doubtless||dozen||dozens||drag||draggle||draggle-tail||Dragon||dragon's||Dragon's||Dragon's-Tongue||dragon's-tongue||Dragonne||dragonne||drain||drained||draining||drakes||Dralors||dram||Dram||dramatic||Dratha||dratha||drawing||Drawn||dreadful||dream||dreamer||Dreamer||dreaming||dreams||Drelen||drelen||dremora||Dremora||Dren||dren||dren's||Dren's||drenches||Drenim||drenim||dres||Dres||dressed||dressing||dreugh||Dreugh||dreughs||Dreughs||dreynos||Dreynos||drink||drinking||drive||driving||drop||dropped||drove||drown||drowned||druegh||Druegh||Druegh-jigger's||Drunk||dry||Dubious||duct||due||duel||dues||dug||Duke||duke||Dunmer||dunmer||Dunmer's||Dunmeri||dunmeri||durability||Dusk||dust||duties||Duties||duty||Duty||DVFQE||DVWDTQDVFQE||dwarven||Dwarven||dwarves||Dwarves||dwellings||Dwemer||dwemer||Dwemer-Dagoth-Westerner||DWKB||EAL||ear||earlier||earliest||early||earnest||earnestness||earns||earth||earthgrip||ease||easiest||easily||East||east||eastern||eastmost||easy||Ebonheart||ebonheart||ebony||Ebony||eccentric||economic||economically||economics||ecstatic||edge||edges||edible||edification||educated||Education||education||edwinna||Edwinna||effect||effective||effects||effort||effortlessly||efforts||egg||egg-knowledge||eggs||Egroamaro||egroamaro||Egroamaro's||eight||Eight||eighth||eighty||eighty-seven||either||elbert||Elbert||elders||eldest||elemental||elements||Elf||elf||elite||Elmas||elms||Elms||else||elsewhere||elsweyr||Elsweyr||Elven||elven||elves||Elves||em||embraced||emerge||emerged||eminent||eminently||Emperor||Emperor's||emperors||Empire||empire||Empire's||employ||employed||employment||emptied||empty||enact||encased||ence||Ence||enchanted||enchanter||Enchanter||enchanters||Enchanting||enchantments||encircles||encloses||enclosing||encompasses||encounter||encourage||encrusted||encumber||end||End||endeavor||Endeavor||endeavors||ended||Ending||ending||Endings||endurance||endured||Endusal||endusal||enemies||Enemy||enemy||energies||energy||enfeeble||enflamed||enforcement||engage||engendering||engines||Engrave||enhance||enhancement||enjoying||enlightened||enlistment||enough||ensures||enter||Enter||entered||enterprise||enters||entertain||entertained||entertainers||entertaining||entertainment||entertainments||entirely||entity||entrance||Entrance||entrances||entranceways||Entry||entry||envision||epic||equal||equipment||equipped||Era||erabenimsun||Erabenimsun||erased||erected||Erer||erer||erna||Erna||err||errands||error||erstwhile||ery||Ery||escape||escaped||escorts||especially||essential||established||establishment||estate||estates||eternal||eternally||Evasion||even||Even||events||Eventually||eventually||ever||ever-watchful||evergreen||every||Everybody||everyone||everywhere||evidence||evil||Evil||evolution||Exactly||examination||examine||examined||example||excellent||except||exception||exceptional||exceptionally||exceptions||excerpt||EXCERPT||exchange||Excise||excited||excitedly||exclusive||execute||executed||executive||exemplifying||exercises||exertion||exhibited||exhibits||exist||existence||exists||exotic||expect||expected||expedient||expelled||expelling||expensive||experience||experienced||experiences||experiment||experiments||expertise||explain||explained||explaining||explicit||explicitly||exploit||exploitation||exploration||explorer||exploring||exposure||express||expression||extend||extended||extending||extends||exteriors||extermination||extinct||extinction||extinguished||extra||extremely||eye||eyes||Eyes||f'lah||fa||Fa||Fa-Nuit-Hen||face||Face||Face-Snaked||faced||faces||facing||fact||factions||failed||fails||failure||failures||fair||Faith||faith||faithful||Faithful||faithfully||faiths||Fakebook||falas||Falas||falasmaryon||Falasmaryon||fall||fallen||falling||falls||false||False||falsely||falvillo's||Falvillo's||familiar||families||family||Family||famous||Fane||fane||fantastic||far||fara's||Fara's||fare||Farewell||fargoth's||Fargoth's||farm||farmer||farmhouse||Farmhouse||farms||fashioned||fashions||fast||faster||fate||Fate||fates||Father||father||fathers||Fathers||fatigue||fault||favor||favorable||favored||favorite||favors||fear||Fear||feared||fearsome||feast||feather||Feather||feathery||feats||feature||features||featuring||fechers||fed||fee||feed||feeding||feeding-ground||feedings||feel||fees||feet||Fel||fel||Felisa||felisa||fell||Fell||felled||fellow||Fellowship||fellowship||felms||Felms||fels||Fels||felt||female||feminine||fern||Fern||ferry||fertile||Feryn||Feryn's||Festival||fetcher||feverishly||FGEF||fibers||field||fields||Fields||fiercely||fifteen||fifth||fifty||fight||fighter||Fighter's||Fighters||fighters||fighting||figure||figures||Figures||file||filled||final||find||Finding||finding||finds||fine||finery||finger||fingers||fire||Fire||fireball||Fires||firm||firmly||first||First||fish||fishing||Fishy||fishy||five||Fixed||fixing||flaccus||Flaccus||flagon||flagons||flailing||flame||flames||flaming||flash||flashes||flask||flatly||flattery||flavor||fled||flees||flesh||Flesh||fleshless||fleshy||flexible||flickering||flight||flin||Flin||flock||floor||floors||Flora||flour||flow||flower||flowering||Flowers||flowers||fly||focus||fodder||Fodder||foe||Foes||FOF||fog||fold||foliage||follow||followed||followers||following||Folly||food||fool||fooled||foolish||foolishness||fools||Foot||foot||footed||forbidden||force||Force||forced||forces||forefinger||Foreign||foreign||foreigners||forelocks||foremost||forest||forests||forever||forfortifying||Forge||forged||forget||forgive||forgotten||form||formal||formed||former||formerly||forms||formula||Formulae||Formulary||formulated||forsaking||Fort||fort||forth||fortified||fortify||fortifying||fortress||forts||fortunate||Fortunately||fortune||Fortune||fortune-teller||forward||fought||found||foundation||founded||founder||fountains||Fountains||four||Four||fourfold||foyada||Foyada||Fralinie||fralinie||fraternity||Fredas||free||Free||free-spirited||free-standing||free-swords||freedom||freely||frenzy||frequent||fresh||Fresh||freshly||Friend||friend||friend's||friendly||friends||Friends||friendship||frightened||frond||fronds||frontier||frost||froze||Frozen||fruitless||frustrating||fulfillment||full||fully||Funcrazot||function||functions||fund||Fundamentalist||fundamentals||fundaments||fury||futile||future||Fyr||fyr||gaeldol||Gaeldol||gain||gained||galom||Galom||galos||Galos||gals||Gals||galsa||Galsa||galsiah||Galsiah||Galur||galur||Game||game||games||Gan||gan||Ganpheril||ganpheril||gap||Garden||garden||gardening||garisa||Garisa||garothmuk||Garothmuk||garrison||Garrison||garrisoned||garrisons||gash||Gash||gasped||gate||Gate||gates||gateway||Gateway||Gateway's||gather||Gather||gathered||gatherer||gathering||gaunt||gave||gazed||Gazouf||gem||gems||General||general||generalize||generally||generals||generation||GENEROSITY||Generosity||generosity||generous||genevrah||Genevrah||genocide||gentleman||Gentleman||genuine||geographic||gestation||gesture||get||getting||ghost||Ghost||ghostfence||Ghostfence||ghostfires||Ghostgate||ghostgate||ghosts||Ghosts||giant||gift||gifted||gifts||gilds||gills||gilvas||Gilvas||gindu's||Gindu's||Ginger||ginko||Ginko||Girdled||girl||give||given||Given||gives||giving||Glad||gladiators||glass||glasses||glide||glimmering||globes||glorify||glorious||glory||Glory||glossy||Glove||glowing||gnaar||Gnaar||Gnisis||gnisis||go||Go||goal||goat||goblet||god||God||god-hero||God-King||God-Poet||godhead||Gods||gods||goes||going||Gold||gold||Golden||golden||gols||Gols||gondolas||gone||good||Good||goods||goren||Goren||Gorgoth||gortwog||Gortwog||gospels||got||Gothren||gothren||Gothren's||Gothryd||goutfang||Goutfang||government||Governor's||gra||gra-Muzgob||gra-Muzgob's||grab||Grace||grace||Graces||graces||Gracious||gradual||gradually||Graegyn||graegyn||grain||grams||Grand||grand||grandmaster||Grandmaster||Grandpa||grant||granted||grants||grappling||Grasp||Grasping||grasslands||gravedust||gravefast||graves||gravity||Gravity||graze||Grazelands||grazelands||grazing||great||Great||greater||greatest||Greatest||greatly||greed||greedy||greef||Green||green||greet||greeters||grey||grim||grinding||gro||gro-Muzgub||groans||ground||group||grouped||Groups||Grove||grow||growing||growled||grown||grows||growth||guar||Guar||guaranteed||guard||Guard||guarded||Guardian||guardian||guardians||guarding||guards||guess||guests||guidance||Guide||guide||guidebook||guides||Guild||guild||Guild-owned||guildhall||Guildhall||guildhalls||guildhouse||Guildhouse||Guilds||guilds||Guildsmen||guldrise||Guldrise||Guls||guls||Gusal||Guylaine||Guylaine's||Gwylim||gwylim||GX||GXS||h's||hackers||hackle||hackle-lo||hadn't||hail||Hail||hails||Half||half||Half-Troll||halfmoon||Hall||hall||Halls||halls||halt||hammerfell||Hammerfell||hammers||hand||handful||handfuls||handled||handling||Hands||hands||handsome||handy||hangs||Hanin||Hanin's||Hanud||hanud||happened||happily||happiness||happy||harakostil||Harakostil||harbor||harbors||hard||Hardin||hardships||hardy||harithoel||Harithoel||Harithoel's||harm||harmed||harmful||harmless||harmony||harsh||harvest||Harvest's||harvested||hasn't||hasten||hastily||hating||hatred||haunt||haunted||haven't||havoc||hawk||Hawk||hawkmoth||Hawkmoth||Head||head||head-first||headed||headquarters||heads||heal||Healer||healer||healers||Healers||healing||Healing||health||healthy||hean||Hean||hear||Hear||heard||heart||Heart||heartedly||hearth||Hearth||hearths||heartland||Heartlanders||heartlanders||hearts||Hearts||heat||Heat||heathen||heather||Heather||heavens||heavy||Heavy||Heck||heed||heifnir||Heifnir||height||Heirographa||held||helende||Helende||hell||Hell||helni||Helni||help||helped||helpful||helping||helps||Helvi's||helvi's||hen||Hen||herb||Herbalist||herbs||herds||Herein||herein||heresy||heretics||hero||hero-cult||hero-cults||heroes||heroic||heroism||hewn||hid||hidden||Hidden||Hide||hide||hides||hierarchy||high||High||high-quality||higher||higher-ranking||highest||highland||highlands||Hilbongard||hills||Hinkit||hint||hire||hireling||hirelings||historical||Historically||history||hit||Hla||hla||Hlaalu||hlaalu||hlaren||Hlaren||hoard||Holamayan||holamayan||Hold||hold||holdfasts||holding||Holding||holdings||holdout||holds||hole||Hole||hollowed||holy||Home||home||Homemade||Homilies||homunculi||honest||honeyed||Honor||honor||honorable||Honored||honored||honoring||honors||hoops||hope||Hope||hoped||hoping||hopping||hops||Horath||Horis||horizon||horizontally||horribly||horrors||horsemen||hortator||Hortator||hospitable||hospitality||Hospitality||host||hostels||hostile||hosts||hot||hound||Hound||hounds||hour||hours||Hours||House||house||house's||housed||household||houseman||houses||Houses||However||however||hrundi||Hrundi||human||humid||Humiliate||Humility||humility||HUMILITY||Humilty||humor||hundred||hundreds||Hunt||hunt||hunted||hunter||hunters||Hunters||hunting||Hunts||hurl||hurled||hurling||hurt||hurtful||husband||hushing||hut||Hut||huts||Hymns||hypnotize||I'll||I'm||I've||Ice||ID||ideal||identified||identify||idle||IDV||ignatius||Ignatius||Ignorant||ignorant||ignored||II||III||Iliac||ill||ill-equipped||illegal||Illusion||Illusions||illusions||image||images||imagination||imagining||imalyn||Imalyn||Imalyn's||imbue||immature||immeasurably||immediately||immortal||immortality||impact||impassible||Imperial||imperial||imperial's||Imperial's||imperials||Imperials||impersonal||impious||implacable||implementer||imply||impolite||important||importantly||imported||imposes||impossible||impractical||impressed||impressive||imprisoned||imprisonment||improve||improvement||impulses||impulsiveness||imsin||Imsin||incantation||Incantory||Incarnate||incidence||incinerate||include||includes||including||inconclusively||inconsistencies||inconspicuous||increase||increasingly||incubation||incurable||indalen||Indalen||Indarys||indarys||indebted||indeed||independence||independent||indifference||indifferent||individual||indomitable||Indoranyon||indoranyon||indoril||Indoril||industry||Indwelling||inefficiency||inexpensive||inexperience||infallibly||infecting||infection||inferno||infertile||inflicting||influence||informal||Information||information||ingredient||ingredients||inherit||inheriting||inhospitable||inhumane||Iniel||initial||Initially||Initiate||initiates||initiation||initiative||injurious||injustice||ink||Inkkit||inland||inn||Inn||inner||Inner||Innocent||inquire||inquiry||Inquisition||inscription||insects||inside||insight||insights||insist||insisted||insists||inspiration||Inspiration||inspirations||Inspired||inspired||installation||instance||instant||instantly||instead||Instead||instinctively||institute||institution||instruction||insulted||insults||insure||intact||integral||integrate||integration||intellectual||intelligence||intelligent||intended||intention||interest||interested||interesting||interests||Interior||interior||internal||interpretations||interrogation||Intervention||interviews||intimate||intimations||intimidating||intolerable||intolerance||intolerant||intruders||invade||invaluable||invasions||invent||investigate||invincible||Invisibility||invisible||invitation||invited||invoke||invoked||involved||involves||irgola||Irgola||iron||ironwood||Ironwood||irony||irrationally||irresistible||irreversible||Island||island||island's||island-to-island||islands||Isle||isle||Isles||isles||isolated||isolationist||issue||issued||it's||It's||item||Items||items||Iulus||iulus||IV||jabbed||jaunts||JavaScript||jereth||Jereth||jets||jigger's||jingling||job||jobasha's||Jobasha's||join||joined||joining||joints||Jole||Jolly||journal||journey||joy||joyous||Judge's||judged||judgement||judicial||jugglers||juggles||Julianos||julianos||jumped||Justice||justice||JUSTICE||kagouti||kagrenac||Kagrenac||Kagrenac's||kagrenac's||kand||Kand||kanet||Kaye||kaye||keen||keep||Keep||keeper||keepers||keeping||Kena||kena||kept||Ker||Kers||keys||khajiit||Khajiit||Khajiiti||khajiits||Khajiits||khuul||Khuul||kicks||kidnapped||kidnappings||kill||killed||Killing||killing||Kimeth||kimeth||kin||Kin||kin-spirits||kind||kindle||kindly||King||king||kings||kiss||Kneel||knew||knife||knight||knives||knocking||know||Know||Knowing||Knowledge||knowledge||knowledgeable||known||Known||knows||koal||Koal||krazzt||Krazzt||kudanat||Kudanat||kummu||Kummu||KW||kwama||Kwama||kwama's||Kynareth||kynareth||labor||labyrinth||labyrinthine||labyrinths||lack||laconic||ladder||laden||Lads||Lady||lady||Lady's||lady's||lair||lairs||lake||Lake||lakes||Lalatia||lalatia||lame||lament||laments||land||Land||landfall||landing||lands||landscape||large||Large||largely||larger||largest||last||lasted||lasting||late||later||Later||Laterus||laterus||latest||laugh||laughed||laughing||lava||law||Law||lawless||Lay||lay||lazy||LCLQS||lead||leads||leaf||leap||learn||Learn||learned||Learning||learning||lease||leashed||least||leather||leave||leaves||led||left||legally||legend||Legend||legendary||legends||Legion||legion||Legionis||legions||Legions||legs||Leles||length||leoriane's||Leoriane's||less||less-formal||lesser||Lesser||lesson||Lessons||lest||let||Let||Level||level||levels||Levitation||LGSBFY||Liah||liah||librarian||Librarium||Libraruim||Library||library||lichen||lichens||Lichens||Liches||lie||lies||Life||life||lifetimes||lifeweave||lift||lifting||light||Light||lightning||like||Like||LIKE||likely||limit||limited||limiting||limits||line||linen||lines||linger||Link||linked||list||listed||Listen||listen||listened||listens||lists||lit||Litany||literal||literally||literature||little||liturgy||live||lived||lives||Lives||living||Lizard's||lizard's||lledos||Lledos||Lledos's||llervu||Llervu||Llervu's||llervu's||llethan||Llethan||llether||Llether||llethri||Llethri||llevas||Llevas||llirala's||Llirala's||llothis||Llothis||lo||local||locally||locals||located||Located||Locations||locations||Lock||locks||lodgings||Log||log||long||LONG||Long||long-dormant||long-sword||longer||longsword||look||Look||looked||looking||looks||loom||loosed||loosen||looting||Lord||lord||Lord's||lords||Lords||lore||losing||loss||lost||lot||loudly||love||Love||loved||Lover||Loves||loving||Low||low||Low-fare||Lower||lower||lowest||lowlands||lowly||loyal||loyalty||luck||Luckily||luminous||lunch||lungs||lured||lush||lust||lusted||luster||luxury||lying||lyric||Maar||maar||Mababi||mababi||Mad||madach||Madach||made||maelkashishi||Maelkashishi||mage||Mage||mage-lord||Mage-Lord||mage-lords||Mages||mages||Magic||magic||magical||Magicka||magicka||magicks||magics||magistrates||Magnificence||Magus||main||mainland||mainly||maintain||maintained||maintenance||make||Make||makes||making||Malacath||malacath||Malacath's||maleficent||malevolent||Mallam||mallam||mamaea||Mamaea||mamoona||Mamoona||man||Man||man's||mana||managed||mandate||maneuver||manifest||manner||Mannimarco||mano||Mano||manor||Manor||manors||Manors||mansion||Manuscript||Many||many||map||Mar||mar||Mara||mara||marandus||Marandus||march||marched||maren||Maren||margin||Marilie||mariners||maritime||mark||marked||Market||market||markets||marksman's||Marog||marriage||married||marry||marsh||Marsh||marshes||marshmerrow||martial||Martyr||marvelous||mask||Mask||masks||mass||master||Master||Master's||master's||Masters||masters||Mastery||mastery||match||mate||materials||mathematical||mathendis||Mathendis||matter||matters||mattress||Mavon||mavon||Mawia||mawia||may||May||maybe||meager||meal||meaning||means||meant||meantime||mearvis||Mearvis||measure||meat||Meat||mebestien||Mebestien||meddlesome||meet||meeting||mehrunes||Mehrunes||meldor||Meldor||melted||member||members||Members||membership||Membership||membrane||memories||memory||men||menaces||Mention||mention||mentioned||Mephala||mephala||mercantile||mercenaries||merchandise||merchant||merchants||mercius||Mercius||Mercy||mercy||mere||merely||meris||Meris||merrily||Message||messages||messengers||met||metal||methal||Methal||method||Methodology||methods||mevureius||Mevureius||middle||might||mighty||Mighty||miles||military||milk||Milk||mime||mind||mindedness||mine||miner||Miner||miner's||mines||minimal||mining||Mining||minions||minister||Ministry||ministry||minor||minutes||miracle||miraculous||miraculously||miscalculated||misdirect||misleading||miss||missile||missing||missionaries||missionary||missions||mistake||mistaken||Mistmen||Mistress||mistress||misunderstanding||mix||mixed||mobilized||mock||mockery||model||models||moderate||modern||modes||modest||moist||mok||Mok||Mokafa||Molag||molag||moment||moments||Monastery||monastery||money||monks||monopoly||monster||monsters||Monsters||monstrous||month||months||monument||moods||moon||Moon||Moon-and-Star||moon-and-star||Moonmoth||moonmoth||moons||moonsugar||Moonsugar||Mora||mora||Morag||morag||moral||Mordrin||morning||Morrowind||morrowind||Morrowind's||mortal||morvayn||Morvayn||mostly||moth||Moth||Mother||mother||motions||Motions||motivated||motivations||motives||mottled||mottled-brown-and-green||Mough||mount||Mount||Mountain||mountain||mountains||Mournhold||mournhold||Mourning||mouth||Mouth||mouths||Mouths||move||Move||movements||moves||moving||much||Much||muck||mud||mudcrab||mudcrabs||Mudcrabs||muddied||mug||mugging||multi||multi-storied||Multiplier||multitudes||mummified||murder||murders||muriel's||Muriel's||murmuring||muscles||mushroom||mushrooms||must||Must||mustered||mutually||muzgob||Muzgob||Muzgob's||muzgub||Muzgub||mysterious||Mystery||mystery||Mysticism||mysticism||myths||Naga||naga||Name||name||named||names||nasty||nation||Nations||nations||native||natives||natron||natural||nature||Nchow||near||Near||nearby||nearly||necessary||neck||neck-hackers||necromancer||Necromancer||necromancer's||Necromancer's||necromancers||Necromancers||necromancy||Necromancy||Necromantic||need||needed||needful||needs||needy||Neen||neen||negotiations||neither||Neloth||neloth||Neloth's||Nerevar||nerevar||Nerevar's||Nerevarine||Nerevarines||nervousness||nest||netch||Netch||netchiman's||netchimen||nevena||Nevena||never||Never||New||new||Newer||newly||next||nice||nigh||Night||night||nightmare||nightshade||Nightshade||Nigiliusis||nimble||nimlom||Nimlom||Nine||nine||Ninety||Ninety-Nine||Ninth||nirn||Nirn||nix||Nix||nix-hound||Nix-hounds||No-h||No-h's||noble||nobles||nodded||nomad||nomadic||Non||non||non-Dunmer||non-guild||Non-members||non-sentient||none||Nonetheless||nonetheless||nonexistant||nord||Nord||nord's||Nord's||Nordic||nordic||nords||Nords||normal||Normal||normally||north||North||northeast||northeastern||northeastmost||northern||Northmoor||northwest||nose||Notable||Note||note||noted||Notes||nothing||Nothing||noticeable||noticed||notion||nourishment||nowhere||NSZUVWBSR||nudging||nuit||Nuit||number||numbers||numerous||Numidium||nurture||nut||Nut||Oad||oad||Oath||oath||oath-bonded||oathbreaker||objection||obligation||Oblivion||oblivion||obscurity||observatory||Observatory||observe||observer||obstacle||obtain||obtained||obtaining||obvious||occasional||occasionally||Occasionally||occasions||occupation||occupies||occur||occurred||occurs||ocean||Ocean||odai||Odai||Odirniran||odirniran||odor||ofConfrontation||offer||offered||offering||offerings||offers||office||Office||officers||Offices||officials||often||Often||Oh||oin||Oin||Oin's||Old||old||oldest||Olga's||Olms||olms||omani||Omani||omavel's||Omavel's||Omayn||one||One||One's||one's||one-story||one-time||ones||oneself||Only-He-Stands-There||open||Open||Open-air||open-mindedness||opened||openly||operate||operation||operations||opinions||opponent's||opponents||Opportunities||opportunities||opportunity||opposed||opposite||Oracle||Oracle's||oral||oran||Oran||orb||Orc||orc||Orcish||orcs||Orcs||order||Order||ordering||orders||Ordinator||Ordinators||ordinators||Ordo||Orethi||orethi||orethi's||Orethi's||organic||organizations||organize||organized||organs||orgy||origin||Originally||originally||Oril||oril||Oristian||oristian||ornate||orsinium||Orsinium||orthodox||others||outbuildings||outer||outlander||outlander-hating||Outlanders||outlanders||outlawing||Outnumbered||Outpost||outpost||outpost's||outside||outsiders||Outsiders||outskirts||oven||overcoming||overjoyed||overreach||Overwhelmed||owed||owned||owner||ownership||pace||pack||packages||packs||pact||padomaic||Padomaic||page||pages||paid||pain||palace||Palace||palansour||Palansour||pan||panic||pantheon||Papers||Papré||papré||papyrus||paradoxically||parapets||parents||park||Parnafacasis||parried||part||Part||parted||particular||particularly||parties||partner||partners||parts||Parts||pass||passage||Passage||passages||passed||passengers||passing||passionate||passively||past||paste||path||Path||pathetic||Pathfinding||patron||patron's||patrons||Pattern||pattern||patterns||paupers||pavements||pavflek||Pavflek||pawnbroker||PAXWC||pay||PCJEK||peace||peculiar||Pelagiad||pelagiad||pens||People||people||peoples||perceive||perceived||percius||Percius||perennial||perfect||Perform||perform||performances||performing||Perhaps||perhaps||perished||perishing||permanent||Permanent||permitted||persecution||persistent||person||personal||personality||Personality||personally||persons||Persons||persuade||persuasion||pests||petal||petals||Petals||petition||Pharos||phase||physical||pick||picketpocketed||picking||Picking||pickpocket||pickpocketed||pickpocketing||picture||Picture||pictured||picturesque||pie||piece||pieces||pierce||piercing||Piety||piety||Pilgrim||pilgrim||Pilgrim's||pilgrim's||pilgrimage||pilgrims||Pilgrims||pillar||Pillow||pinch||pinches||pinkish||pinkish-purple||piracy||pirates||pits||pity||place||placed||places||plain||plains||Plan||plan||plane||planned||plant||Plantation||plantation||plantations||plants||plaster||Plaster||play||played||playing||plays||plaza||pleasant||please||Please||pleased||Plecia||plecia||pledge||pledging||plenty||plot||Plot||Plots||plucked||plumes||plunged||plunging||pods||Poet||poet||Poet's||poet-artist||poetic||poetry||point||points||poison||poisoning||poisonous||poisons||policies||policy||polite||politely||political||politically||politics||pool||pooling||pools||poor||Poor||poppies||poppy||Poppy||popular||populated||population||port||portion||portions||portrays||pose||posed||position||positions||possesses||possible||post||posted||posts||pot||Pot||potent||Potentate||potential||potion||Potion||potions||pound||pour||poured||pouring||power||Powered||powerful||Powers||powers||practical||practically||practice||practiced||practices||practitioners||praise||praiseworthy||pray||prayed||prayer||Prayer||Prayers||prays||preach||precautions||precincts||precipitate||predator||predecessor||predicted||preen||Prefect||prefer||preferred||prehistoric||prejudices||Preparation||preparation||prepared||preparing||preposterously||prescribe||prescribed||presence||present||presentation||presented||presents||preservative||preserve||preserved||preserves||presides||pressure||pretend||pretenders||pretty||prevents||previous||prey||preying||price||prices||Pricy||pride||PRIDE||Pride||prideful||priest||priesthood||priestly||priests||Priests||priif||Priif||Priif's||primarily||primitive||Prince||prince||princes||principal||Principle||principles||prison||private||Private||prize||prized||prizes||probably||problem||problems||procedure||Procedures||proceed||process||processed||proclaimed||Procyon||prodded||produce||produced||profane||profanely||profession||proficiency||proficient||profit||profitable||profited||profitless||profits||Progress||progress||progressively||Project||prolific||prominent||promising||promontories||promontory||Promotion||prompted||pronouncements||proper||properly||properties||property||prophecies||prophecy||prophet||propitiated||proposals||prospect||prospective||prospects||prospering||prosperity||prosperous||protect||protecting||protection||Protection||protective||protects||protests||Protonymic||protuberances||prove||proved||proves||provide||provided||provides||providing||Province||province||provinces||provincial||prowess||prudent||public||publican||pulled||pullia||Pullia||pulling||pulp||pumping||punammu||Punammu||punches||punish||punishments||puny||purchase||purchased||pure||purity||purple||purpose||Purpose||purse||pursuing||pushed||put||Puzzle||puzzle||pyramid||quail||quailed||Qualified||qualities||quality||Quantity||Quarde||Quarra||quarra||Quarry||Quarter||quarter||Quarters||quarters||Queen||quest||questing||questioning||questions||Quests||quests||quick||quickly||quiet||Quiet||quiet's||Quiet's||quietly||quite||Quotations||rabid||race||racer||racers||races||radiate||raesa||Raesa||rage||raging||Rain||rain||rained||rainfall||rains||raise||raised||raises||raising||Ralds||ralds||ramoran||Ramoran||rampant||ran||ranging||rank||rank-and-file||ranking||Ranks||ranks||ransom||rapacious||rapid||rare||Rare||rarely||rat||Rat||rate||rates||Rather||rather||rations||ravel||Ravel||Raven||ravenous||ravine||ravines||ravings||raw||razor||Razor||re||Re||Re-admittance||re-educated||re-enact||reached||reaching||reactions||read||reader||readily||ready||real||Real||realization||Realizations||realizations||realize||realized||realizing||really||reason||reasonable||reasons||rebelled||rebuff||recall||recanted||receive||received||receiving||recent||recently||Recently||recipe||Recipes||recipes||recited||reclaim||Recognize||recognized||recognizes||recognizing||recommend||recommended||reconsecration||recorded||records||Records||Recruit||recruit||rectangular||Red||red||red-reeking||redaynia||Redaynia||redguard||Redguard||Redoran||redoran||reduce||reduced||reduces||reduction||redwort||Redwort||reeds||reeking||reference||References||references||referred||refined||reflected||reflection||Reflections||refuge||refuge-prison||refugees||refuse||Refuse||regard||regarded||regimental||region||region's||regions||regretfully||regular||Reign||reigned||reinforcing||reject||relate||related||relations||relationship||relationships||relative||relatively||relatives||released||reliance||relic||relied||relief||religion||religious||reluctant||rely||remained||remaining||remains||remarkable||remarkably||remember||remembering||remembrance||reminded||remote||removal||remove||removed||render||rendered||renews||renown||rent||rents||repeat||repeated||replied||report||reported||reportedly||represent||representative||Representative||Representatives||represented||represents||reputation||reputed||require||requirements||Requirements||requires||rescue||rescued||resdaynia||Resdaynia||research||Researches||resemble||reserves||reservoir||residence||Residence||residences||residential||Residential||residents||residues||resist||resistance||resistant||resolved||resources||Respect||respect||respected||respectful||respectfully||response||responsibility||rest||Rest||rested||resting||restless||Restorals||Restoration||restore||restores||restoring||result||resulting||results||retain||retainer||retainer's||retainers||Rethan||rethan||retrace||retreat||retrieved||return||returned||returning||reunited||reveal||Reveal||revealed||revelation||revenant||revenant's||Revenants||revenants||review||revolt||revolutionary||rewards||rhapsody||rhunen||Rhunen||ribbons||rich||Richton||richton||rid||Riddles||riddles||right||righteous||rights||rihad||Rihad||Rilm's||Rilms||rilms||ring||rings||Rip||rip||ripped||rise||risen||rising||Rising||risk||risky||rissinia||Rissinia||rites||Rithari||rithari||ritual||Ritual||Rituals||rituals||rivals||river||River||rivers||road||Road||roads||Roads||roared||roasting||rob||robbed||robbery||robes||roborative||rock||Rock||rocks||rocky||rod||rode||rogue||Roll||rolling||room||rooms||root||root-like||roots||rope||roris||Roris||rose||rotating||rough||rough-hewn||roughly||round||route||routes||royal||Royal||RSXINOFSP||rubbery||Ruccia||ruccia||ruddy||Ruddy||rugged||ruin||ruins||rule||ruled||ruler||rulers||rules||Rules||ruling||rumors||Rumors||run||running||Runs||runs||rural||rush||rushed||rushing||russula||rustle||ruthless||Ryon||ryon||s'rabba||S'Rabba||s'riizh||S'Riizh||S'Riizh's||sack||sacraments||sacred||sacrificed||sacs||sad||sadright||Sadright||Sadrith||sadrith||safe||safeguard||safely||safest||safety||said||sail||Saint||saint||sainthood||saints||Saints||salary||sale||salt||saltrice||salts||Salts||salutations||Samar||samar||sampling||Sanchariot||sanctified||sanctioning||sand||sandwiched||sang||Sanni||sanni||sap||Sarano||sarano||sarcastic||sardonically||sarethi||Sarethi||saryon||Saryon||Saryoni||saryoni||Saryoni's||Saryonis||Sarys||sarys||sat||sate||sathis||Sathis||saturated||sauce||save||saved||savel||Savel||Savens||Savior||Savior's||Saviour's||saviour's||saw||say||says||scale||scaled||scamp||Scamp||scathes||Scathes||scattered||scattering||scent||schedule||scheme||scholar||scholarly||scholars||Scholars||scooped||scourg||Scourg||scout||scraggly||scraped||Scrawled||scrawled||scrawny||scream||scrib||Scrib||scribs||Scribs||scroll||sculpted||scuttle||Scuttle||scuttled||sea||Sea||seacoast||seal||sealed||Sealed||seals||Search||search||Searching||seas||season's||seat||seating||seats||secluded||second||Second||seconds||Secret||secret||secrets||Secrets||section||secularism||secure||secures||securing||security||security's||sedura||Sedura||see||seed||seeing||Seek||seek||seeker||Seekers||seekers||seeking||seeks||seem||seemed||seems||seen||seers||sees||seht||Seht||SEHTI||seize||seizing||selections||selects||Seleth's||seleth's||self||self-interest||self-knowledge||sell||seller||selling||Senchal||Send||sense||Sense||senses||sensitive||sent||sentences||sentient||senyndie||Senyndie||Senyndie's||Septim||septim||Ser||seran||Seran||sergeant||sergeants||serious||seriously||seriousness||Serjo||Sermon||Sermons||sermons||servant||servant's||servants||serve||Serve||served||serves||Service||service||services||Services||serving||servitors||Seryn||seryn||Seryn's||set||sethan||Sethan||settled||settlement||settlements||Seven||seven||seven-syllable||seventh||Several||several||sevyni||Sevyni||sewer||sewing||sex||Seyda||seyda||Shack||shack||shade||Shade||shades||shadow||shadows||shadowy||shaft||shaie||Shaie||shake||Shalk||shalk||shall||shame||Shamed||shape||Shara||shara||share||shared||sharn||Sharn||Sharn's||sharp||shattered||shattering||shawl||sheer||sheets||shein||shell||shells||shelter||sheltered||sheogorad||Sheogorad||Sheogorath||Sheogorath's||shield||Shield||shield-blocker||shields||shine||shines||shining||ship||shipmasters||Ships||shipwreck||Shipwreck||Shishara||shishara||Shishi||shishi||shoals||shoddy||shop||shop-keeper||shop-keepers||shop-owner||shopkeepers||shops||shore||shoreline||shores||short||shortblade||shortsword||shortswords||shoved||Show||show||showed||showy||shrine||Shrine||shrines||Shrines||shrouds||shrub||shrubs||shrug||shuffled||shun||shuttle||sic||sick||side||sided||sidepaths||sigh||sighed||sighing||sight||sightseers||significant||significantly||signposts||signs||Sil||sil||Silence||silence||silencing||Silent||silent||Silt||silt||silver||Silverthorn||silverthorn||similar||similarities||Similarly||similiarly||Simine||simine||simple||Simple||simplest||simply||Simply||sin||Since||since||sing||singing||single||sinister||sinner's||Siruliulus||sister||sisters||site||sited||sites||sits||six||Sixth||sizable||size||sizzles||Skaal||skaal||skar||Skar||skeletal||skeleton||skeleton's||skeletons||skill||skilled||skills||skin||Skin||skink||Skink||Skink-in-Tree's-Shade||skinny||skittered||skulk||skull||skulls||sky||skyrim||Skyrim||slain||slamming||slash||slashing||slaughter||slave||Slave||slavepast||slavery||Slaves||slaves||slay||sleep||sleeping||sleeves||slew||sliced||slipped||slit||slitting||sload||Sload||slopes||sloshed||slow||slower||Slowly||slowly||sludge||slugging||slumber||small||smaller||smarter||smeared||smell||Smickett||smile||smiled||smiles||smith||Smokes||Smuggler's||smugglers||smuggling||Smuggling||Snaked||sneak||sneered||snickering||snow||so-called||soak||soaked||soap||sobriquet||social||society||soft||softly||soils||sojourn||sold||soldierly||soldiers||solemn||solitude||solution||someone||something||sometime||sometimes||somewhere||somnalius||Somnalius||Somutis||Son's||song||songs||soon||sorcerer||Sorcerer||Sorcerer-Lord||sorcerers||Sorceries||sorceries||sorceror||sorcerous||sorcery||sorkvild's||Sorkvild's||Sorrow||sorrowful||sort||Sotha||sotha||sottilde||Sottilde||Sottilde's||sought||soul||Soul||souls||sound||sounds||source||Sources||south||South||southeast||southeastern||southeasternmost||southern||southernmost||southwest||space||span||spared||sparingly||sparkling||sparring||sparse||spawned||speak||Speak||speaks||Spear||spear||Spear's||spearing||Special||special||specialists||specially||specialties||specific||Specifically||specifically||specimen||spectators||speech||speed||spell||spell's||spellcasters||spellcasting||spellcraft||spend||spies||spikes||spilling||spires||spirit||Spirit||spirit-affinitive||spirited||spirits||spiritual||splash||splendid||splendor||split||spoiled||spoken||spokesmen||sponsor||sport||sports||spot||spread||spring||springs||springtide||Sprinkle||spurt||spy||squabbling||squat||squirm||squirming||SSF||St||st||Stab||stab||stabbed||stables||stacking||staff||stained||staining||stake||stalks||stalls||stamina||stand||standards||standing||stands||Stands||star||Star||Starlover||starlover||Starlover's||stars||started||state||statement||states||station||stationed||statue||status||staves||stay||stayed||steady||steal||steals||stealth||steep||steep-sided||stems||Stendarr||stendarr||step||stepped||steps||stern||steward||Steward||Stewards||Stick||stick||sticks||Sticks||stiff||still||Still||stilled||stir||Stir||stirring||stocked||stolen||stone||Stone||stoneflower||stones||stood||stop||Stop||stopped||storage||storied||stories||storm||Storm||storms||story||straight||strain||Strain||strained||strangle||strangle-and-slash||straps||strategy||stray||streaming||streams||street||streets||strength||strengthen||strengthened||strictures||strider||strike||strikes||striking||string||strip||stripping||strive||stroke||strolling||strong||Strong||stronger||strongest||stronghold||Strongholds||strongholds||strongly||struck||structure||struggle||struggling||strut||strutting||stuck||student||students||studied||Study||study||stuff||stupidity||sturdiest||style||styles||sub||sub-cult||sub-cults||subcontinent||subject||subject's||submit||subordinate||subsequent||subsequently||substance||substances||substantial||subterranean||subtle||succeeded||success||successful||successfully||succulent||suddenly||suffer||suffered||suffering||suffers||sufficient||sugar||suggest||suggested||SUGZD||suitable||Suitable||suited||suitor||Suitors||suitors||sujamma||Sulipund||sulipund||summer||Summerset||summerset||summoned||Summoner||summoners||summoning||summonings||summons||Summurset||sun||Sunder||sung||sunlight||superhuman||superior||supernatural||superstition||supplant||supplement||supplied||supplies||supply||supplying||support||supported||supporters||supportive||supports||suppose||supposed||Supposedly||supposedly||suppressed||Suran||suran||surane||Surane||sure||surface||surfaces||surpass||surprise||surprised||surprisingly||surrounded||surrounding||survive||survived||survives||survivors||suspended||suspicion||suspicious||swamp||Swamp||swamps||sway||swear||swearing||swears||sweet||sweetmeats||swept||swift||Swift||swifter||swiftest||swiftly||swim||swimming||swing||swings||sword||swords||swore||SWSHL||syllable||Syloria||symbol||sympathies||symptoms||Synnolian||system||systematic||systematically||Table||table||Tables||tact||tactics||tail||tailors||taint||take||taken||takes||taking||Tal||Talanian||tale||talent||talk||talked||talking||tall||Talos||talos||Tamriel||tamriel||Tamrielic||tamrielic||tangible||tapped||target||target's||targets||tariffs||task||tasks||taste||tasting||tasty||taught||tavern||tax||taxes||tea||teach||teacher||Teacher||Teacher's||teachings||tear||Tear||tears||technique||teeth||Tel||tel||teleport||teleportation||tell||Tell||teller||telling||Telvanni||telvanni||Telvanni's||Telvayn||telvayn||temperament||temperate||temperature||templates||Temple||temple||Temple's||temples||Temples||temptations||ten||tend||tended||tender||tends||Teran||teran||terms||terrain||terrible||terrified||terror||Test||test||tested||testing||th||Thank||thanked||Thankfully||thanks||tharys||Tharys||that's||That's||theft||Theft||thefts||thelegorm||Thelegorm||themes||theology||Therana||therana's||Therana's||there's||There's||Thereafter||therefore||they're||thick||thief||thief's||thievery||Thieves||thieves||thing||things||think||thinks||thinly||third||thirst||Tholer||Though||though||thought||thoughtless||thousands||thrall||thras||Thras||thrash||threat||threaten||three||Three||three-faced||three-sided||three-tiered||threw||Thrice||Thrice-Sealed||thrill||thrilled||thrive||throat||throat-slashing||throats||throng||throttling||throughout||throwing||thrust||thumb||thus||Thus||thy||Tiber||tiber||tibrol||tides||tier||tier-top||tiered||tiers||ties||tight||tighter||tightly||time||time-consuming||times||timid||timing||Timsar||Timsar-Dadisun||tiny||tip||tips||titanic||toadstool||today||together||toiled||token||told||tolerance||tolerant||tolerate||tolerated||Tomasin||Tomb||tomb||tombs||tomorrow||tone||Tong||tong||tongue||Tongue||tonight||took||tools||top||top-tier||topic||torch||tore||torment||tormented||torn||torture||tortured||tortures||torturing||toss||tossed||tough||tougher||toughest||tourist||tourists||toward||towards||tower||Tower||towering||towers||town||towns||TOY||tr||TR||trace||track||trackless||tracks||Tracks||trade||Tradehouse||tradehouse||tradehouses||Trader||trader||traders||tradesmen||trading||tradition||traditional||traditionally||traditions||traffic||traffickings||tragic||trail||trails||train||trainer||trainers||training||traitors||Traitors||trajectory||trama||transcendent||transformation||transformed||transgress||transport||Transportation||trap||traps||travel||Travel||traveler||traveler's||travelers||Travelers||traveling||treachery||treasure||treasures||treasuries||Treasury||treasury||treat||treated||treatment||Treaty||tree||tree's||Tree's||trees||trembled||trespass||tribe||Tribes||tribes||tribesmen||Tribunal||tribunal||Tribunal's||Tribunes||trick||tricked||tricks||tried||trinimac||Trinimac||triolith||triumphed||triumphs||triune||Triune||Troll||troll||trooper||Troopers||troops||trouble||troubled||Troubles||troubling||troupe||True||true||truly||Truly||Truptor||truptor||trust||trusted||trusting||trustworthy||Truth||truth||truths||try||trying||tuber||tuberous||tuck||tulkiande||Tulkiande||tumbler||tumblers||tunic's||Tunifus||tunnels||Turedus||Tureynulal||tureynulal||turn||turned||turning||tutor||tutors||Twelve||twelve||Twelve-Night||twenty||twice||twilight||Twilight||Twisting||twisting||two||Two||TYLSE||types||typical||typically||TZSFHK||ugliest||ugliness||ugly||ules||Ules||Ulessen||ulessen||ultimately||ulvul's||Ulvul's||unable||unarmed||unarmored||unathletic||unavoidable||Unbeliever||unbidden||unblocked||unbound||uncertain||uncharismatic||uncomfortable||unconquerable||unconscious||unconsciously||uncoordinated||uncover||uncovered||undead||Undead||undecorated||under-strength||undercurrents||undergoing||understand||understanding||understood||undertook||undetected||undue||unfamiliar||unfortunate||Unfortunately||unfriendly||ungodly||unholy||unimportant||uninhabited||uninteresting||unique||unit||unite||units||University||university||unjust||unknown||Unlearned||unleash||unless||Unlike||unlimited||unlooked||unlooked-for||unmixed||Unnamed||unnatural||unpleasant||unquestioning||unseemly||unseen||unsheathed||unsure||untapped||unto||untruths||unusual||unwavering||unwilling||unyielding||upon||Upon||Upper||upper||upscale||upstairs||Ur||ur||Ur's||urban||Urshilaku||urshilaku||us||use||Use||used||useful||useless||user||user's||uses||using||usual||usually||utherus||Utherus||utter||uttered||utterly||uvaren||Uvaren||Uvirith||uvirith||Uvulas||uvulas||vaden||Vaden||vagabond||Vagaries||valenwood||Valenwood||valley||VALOR||Valor||valor||valuable||value||valvius||Valvius||vampire||Vampire||vampire's||vampires||Vampires||vampiric||vampirism||Vampirism||vandalistic||vanis||Vanis||vanished||vanity||vaporized||vapors||vari||Vari||Varian||varian||variation||variety||Various||various||variously||vary||varying||Vas||vas||vasesius||Vasesius||vast||vastness||vault||vaults||vedam||Vedam||vegetable||vegetation||VEHK||Vehk||velanda||Velanda||veloth||Veloth||Veloth's||Velothi||velothi||vemynal||Vemynal||veneration||venim||Venim||venture||versidue||Versidue||versions||vertically||via||viability||viciulus||Viciulus||victim||victim's||victims||victorious||victors||victory||view||viewed||vigilance||Vignum||vignum||vigor||vigorously||vile||villa||Villa||Village||village||villages||violence||violent||violently||violin||virtually||virtue||Virtues||virtues||Virtuous||virtuous||visit||Visitable||visited||visitors||visualizing||vital||vitality||Vivec||vivec||Vivec's||Voice||voice||voices||void||Void||volcanic||volcano||volcano's||Volunteer||vomph||Vomph||Voryn||Vos||vos||votes||vulnerable||Vunnis||Vvardefell||Vvardenfell||vvardenfell||Vvardenfell's||wadded||wagon||Wait||wait||waiting||wake||Wake||walk||Walk||walked||walks||Wall||wall||walled||walls||want||Want||wanted||war||War||Warding||warehouses||wares||Warfel||warm||warming||warned||warrant||warranted||Warrior||warrior||Warrior-Poet||warriors||washing||wasn't||waste||wasteland||wastelands||wastes||watch||watched||watches||watchfires||watchful||watching||water||Water||water-walk||watered||Waters||waters||waterways||waved||wax||waxy||way||ways||waysides||we'll||We'll||we're||We're||We've||we've||weak||Weak||weakened||weaker||weakest||weaklings||Weal||wealth||wealthier||wealthiest||weapon||weaponry||weapons||wear||wearer||wears||weary||Weary||weather||weaving||weeds||week||weeks||weeping||Weir||weir||welcome||welcomed||welcomes||welfare||well||Well||well-paid||well-suited||well-watered||went||weren't||west||West||Western||western||Westerner||Westerners||westmost||whatever||wheel||whenever||whether||Whether||whim||whirling||whirlwind||whispered||whispering||white||whittle||whoever||whole||whole-heartedly||whoreson||whose||wicked||wickwheat||wide||wife||Wild||wild||wilderness||wildernesses||wildflower||willing||willingly||willow||Willpower||willpower||win||Wind||wind||window||wines||wing||Wing||winged||Winged||Wisdom||wisdom||Wise||wise||wish||wished||wishes||wit's||witch||witchhunters||withdrawing||within||Within||without||withstand||withstands||wizard||wizard-lord||wizard-lords||wizard-tower||Wizards||wizards||wizards-lords||woe||woke||Wolverine||wolverine||wolves||woman||woman's||women||won||won't||wonder||wonderfully||wondrous||Wood||wood||word||words||wore||Work||work||working||workmanship||works||workshops||world||world's||worldly||worlds||worries||worry||worrying||worse||worship||Worship||worshipers||worshipper||worshippers||worst||worth||worthiness||worthy||would||Would||wouldn't||wounded||Wounded||wounds||Woven||wraith||wraithloom||Wraiths||wrap||wrath||Wrathmen||wrestled||write||writing||writings||written||wrong||wrote||wulfharth||Wulfharth||XKH||yakin||Yakin||yam||yams||year||yearbook||yearned||years||yeherradad's||Yeherradad's||Yellow||yellow||Yellows||yes||Yes||yesamsi||Yesamsi||yet||Yet||Ygfa||yield||yielded||Yngling||yngling||Yolivess||you'd||You'd||you'll||You're||you're||young||Young||youngest||youth||ZAFL||Zainab||zebavi||Zebavi||Zenithar||zenithar||Zombel||zombie||zombies||ZQG|